<?xml version='1.0' encoding='UTF-8'?>
<system creation-date="2025-11-24 04:47:15.676000" desc="" enable="False" id="E0B37D54-4DCB-4F4A-85A2-39BF34A0D9E4" last-modified-date="" name="IRB460_110_240"><applications><application name="RobotWare" version="6.16.1028"><settings><system-xml path="C:\Users\Baco\Documents\RobotStudio\Projects\Palletizing\Virtual Controllers\IRB460_110_240\system.xml" /><key-id path="C:\Users\Baco\Documents\RobotStudio\Projects\Palletizing\Virtual Controllers\IRB460_110_240\INTERNAL\key.id" /><setting-file path="C:\Users\Baco\Documents\RobotStudio\Projects\Palletizing\Virtual Controllers\IRB460_110_240\INTERNAL\controller.rsf" /></settings></application></applications></system>